{
  "hash": "7ea0cf89",
  "configHash": "0f463174",
  "lockfileHash": "9f534e72",
  "browserHash": "e22a5745",
  "optimized": {
    "@angular/common/http": {
      "src": "../../../../../../node_modules/@angular/common/fesm2022/http.mjs",
      "file": "@angular_common_http.js",
      "fileHash": "989b9ec0",
      "needsInterop": false
    },
    "@angular/core": {
      "src": "../../../../../../node_modules/@angular/core/fesm2022/core.mjs",
      "file": "@angular_core.js",
      "fileHash": "8bb62248",
      "needsInterop": false
    },
    "@angular/forms": {
      "src": "../../../../../../node_modules/@angular/forms/fesm2022/forms.mjs",
      "file": "@angular_forms.js",
      "fileHash": "734df5e6",
      "needsInterop": false
    },
    "@angular/platform-browser": {
      "src": "../../../../../../node_modules/@angular/platform-browser/fesm2022/platform-browser.mjs",
      "file": "@angular_platform-browser.js",
      "fileHash": "b6381efa",
      "needsInterop": false
    },
    "@angular/platform-browser/animations": {
      "src": "../../../../../../node_modules/@angular/platform-browser/fesm2022/animations.mjs",
      "file": "@angular_platform-browser_animations.js",
      "fileHash": "599f3b6b",
      "needsInterop": false
    },
    "@angular/router": {
      "src": "../../../../../../node_modules/@angular/router/fesm2022/router.mjs",
      "file": "@angular_router.js",
      "fileHash": "7c32e815",
      "needsInterop": false
    },
    "ngx-toastr": {
      "src": "../../../../../../node_modules/ngx-toastr/fesm2022/ngx-toastr.mjs",
      "file": "ngx-toastr.js",
      "fileHash": "958dfc5e",
      "needsInterop": false
    },
    "rxjs": {
      "src": "../../../../../../node_modules/rxjs/dist/esm5/index.js",
      "file": "rxjs.js",
      "fileHash": "b4ada2b3",
      "needsInterop": false
    },
    "tslib": {
      "src": "../../../../../../node_modules/tslib/tslib.es6.mjs",
      "file": "tslib.js",
      "fileHash": "b36e20db",
      "needsInterop": false
    },
    "zone.js": {
      "src": "../../../../../../node_modules/zone.js/fesm2015/zone.js",
      "file": "zone__js.js",
      "fileHash": "d993adb5",
      "needsInterop": true
    }
  },
  "chunks": {
    "chunk-WA6PNRQS": {
      "file": "chunk-WA6PNRQS.js"
    },
    "chunk-T5HZDD5G": {
      "file": "chunk-T5HZDD5G.js"
    },
    "chunk-GAUNKNUS": {
      "file": "chunk-GAUNKNUS.js"
    },
    "chunk-KJAC74UW": {
      "file": "chunk-KJAC74UW.js"
    },
    "chunk-IA7Z2CRH": {
      "file": "chunk-IA7Z2CRH.js"
    },
    "chunk-AGCF4D2E": {
      "file": "chunk-AGCF4D2E.js"
    },
    "chunk-TLRVVABT": {
      "file": "chunk-TLRVVABT.js"
    },
    "chunk-Y72XGDAT": {
      "file": "chunk-Y72XGDAT.js"
    },
    "chunk-HSWANC32": {
      "file": "chunk-HSWANC32.js"
    },
    "chunk-WDMUDEB6": {
      "file": "chunk-WDMUDEB6.js"
    }
  }
}